title,name,occ,prop,Education,Earnings,Prestige,Status,DSEI,TSEI,MSEI,FSEI,OPR_E,OPR_I,OPR_W,OEP_W,SIOPS,ISEI,ICAMS
1. Management government officials,Management government officials,1,0.13637169732386759,14.58234759023745,6.647606547465632,63.3,62.200001,68.451881,68.07734469140405,69.40958955609975,62.21306571161156,64.41042323721548,87.26230569983026,88.64931860166824,92,67,70,69.02
2. Company officers,Company officers,2,1.622574120730969,14.164815780803472,6.458532830386385,73,61.799999,64.121567,60.631001810547914,63.017383082466125,52.39192728854533,59.38019029419193,77.20844939376327,75.85312192569981,88,70,70,66.87
"3. Officers of other corporations, organizations","Officers of other corporations, organizations",3,0.0778092685418317,14.914070708461784,6.364207977013537,63.3,68.800003,68.965759,61.01014350509252,63.61003798730633,53.85239830404441,68.76717592154154,74.76556557247105,78.6767722656047,92,70,70,66.87
4. Administrative and managerial workers of corporations and organizations,Administrative and managerial workers of corporations and organizations,4,0.5356172182012374,14.402307180601554,6.58781238816087,56.6,53,65.252792,64.2404307426126,65.57849892123986,56.180685430202345,62.05406531977379,83.4782760506964,80.66259965699435,88,63,67,62.86
5. Administrative and managerial workers not classified elsewhere,Administrative and managerial workers not classified elsewhere,5,0.07591947472284125,13.339740775314748,5.511942227947977,53.3,51,50.128162,49.95437169217169,52.85758471377692,44.96257473144135,48.75654399439528,47.802240722790735,41.92302625801288,36,50,51,57.27
6. Natural science researchers,Natural science researchers,6,0.20832670214970067,16.953993455843044,6.437136918158853,67.6,70.5,68.257042,70.85266189547062,72.88085399873523,60.56209847669957,88.91153594677763,78.91692511117586,78.51672812994201,84,63,69,75.42
"7. Humanities, social science, and other researchers","Humanities, social science, and other researchers",7,0.007595398712055846,17.224413947752545,6.382778082307641,67.6,75.599998,71.246132,70.03371583525424,69.8540807347299,65.07050900280541,92.704590297035807,76.30883066421421,75.8414103961342,83,58,65,76.83
"8. Agriculture, forestry, fishery and food engineers","Agriculture, forestry, fishery and food engineers",8,0.10343827142072677,15.066101157768014,6.178589316597415,67.6,55.799999,62.467365,59.2812573779691,60.435100997090956,56.328849156412396,70.2632398285361,69.46461660008322,68.79200821556456,74,47,50,56.58
"9. Electrical, electronic, telecommunications engineers (except communication network engineers)","Electrical, electronic, telecommunications engineers (except communication network engineers)",9,0.6264969368547718,15.222103982853016,6.454940141913794,62.5,56.200001,64.046021,64.74089777941148,65.72666264744991,56.561677869028195,70.68849957412834,80.05595196286521,76.47587128291049,80,65,68,73
10. Machinery engineers,Machinery engineers,10,0.4690703975238976,15.158927897407521,6.378319414983191,62.5,54.900002,63.776367,63.57314136021409,64.56251908437095,53.97939578365302,70.65803539420058,76.96536412735355,73.29905849614413,77,66,67,73
11. Transportation equipment engineers,Transportation equipment engineers,11,0.19931837393811083,15.365967114265375,6.5239969074376924,62.5,56.599998,64.026169,67.167404624497,67.97028478720212,57.89515140491865,72.8027300756703,82.24104753289429,78.14548760009907,80,56,69,73
12. Metal engineers,Metal engineers,12,0.03812432456681956,15.479646470386363,6.465636932624462,62.5,58,65.421333,64.93805146057468,66.00182385326858,49.576816490554364,72.66590965766241,79.67109537421874,78.30711085376763,83,61,67,73
13. Chemical engineers,Chemical engineers,13,0.1875484104686037,16.332054291980672,6.514391153969081,62.5,62.299999,67.675636,68.35032671147619,69.76941574832416,60.56209847669957,82.68113530616472,81.28496741723986,79.4042761663605,84,66,71,73
14. Architectural engineers,Architectural engineers,14,0.4417908411661846,14.729556137932398,6.084711314935182,67.6,57,61.025257,57.6281995897546,59.01696247479475,50.93145627304626,65.67036792569797,66.37149711189484,61.21638843388874,66,72,69,73
15. Civil engineers and surveyors,Civil engineers and surveyors,15,0.5311660057722519,14.408784077705612,6.222384954071261,67.6,53.799999,59.767265,58.4016486466256,59.503786146627775,52.07443358952379,61.665178842644465,71.11165396347842,66.36322151121601,68,70,69,73
16. System consultants and designers,System consultants and designers,16,1.1981781190638048,15.161507600802482,6.328464906039416,62.5,59.400002,63.547924,62.90585197781557,63.90636543972643,58.14914636413588,71.43737930801792,75.39262030359772,73.01928799699671,76,51,71,75.39
17. Software creators,Software creators,17,0.5634825309723608,15.13351595994396,6.156158837497478,62.5,55.799999,61.188984,59.781724414767986,61.408748340757,53.76773331763866,70.88770496395627,68.87773329040125,67.59873949976584,72,51,71,75.39
18. Other data processing and communication engineers,Other data processing and communication engineers,18,0.23488789290087758,14.921209137291328,6.258633291883854,62.5,58.099998,61.936398,60.31252278713044,61.9379045057929,53.810065810841536,68.31003385240642,72.3296837174137,71.46555962707944,75,51,71,75.39
19. Other engineers,Other engineers,19,0.13473898948238208,15.095714629808775,6.282292725897626,62.5,56.700001,63.177673,61.404450867418916,63.059715575668996,50.9526225196477,69.41043507715372,73.37845333702262,71.1321626791501,77,56,69,73
20. Doctors,Doctors,20,0.4651686518885261,16.502313636103693,7.038143858833112,83.8,80.699997,77.542068,89.32444525368402,91.97280843323036,73.26184643756108,87.69763985133157,92.62984324079997,91.07275072203063,96,78,88,78.57
21. Dental surgeons,Dental surgeons,21,0.178720810679027,16.281131023235552,6.498012373402559,83.8,77.900002,72.39856,73.94645812295462,71.50504796964191,62.78455436985033,86.07376500260689,78.95709729680286,81.14361488022672,90,70,85,78.57
22. Veterinary surgeons,Veterinary surgeons,22,0.0409267514084153,16.393065475030774,6.2033388516832675,61.9,70.400002,69.845512,69.51808313067357,73.72750386279266,61.62041080677136,87.01870061957608,70.95184734132272,67.69324323592613,77,61,83,78.57
23. Pharmacists,Pharmacists,23,0.3815740173780231,16.09549453173223,5.929090453370607,61.9,70,67.392616,64.01294572588583,62.38239568442305,59.84244609225075,84.74990584107084,61.26109939628819,71.12709190618546,75,64,74,78.57
24. Public health nurses,Public health nurses,24,0.08178710577113939,14.641267248620762,5.8612680423683186,56.6,65.900002,59.321617,54.579900365615934,50.000141422583084,55.03770811372481,66.7065514705242,59.358829077062644,66.34885925333653,72,54,43,63.21
26. Nurses (including assistant nurses),Nurses (including assistant nurses),26,2.240075945990638,13.918667531897645,5.736866059623746,56.6,48,53.877853,49.1657569675189,54.74138066130471,50.27530262840175,55.179153792219665,52.77624553054563,57.38543575936466,60,54,43,63.21
27. Diagnostic radiographers,Diagnostic radiographers,27,0.0888710517699332,14.487519735979614,6.192910288842445,56.6,58.599998,60.587872,57.18839522408285,59.08046121459906,52.30726230213959,65.01735810629614,70.72854920912408,73.05835942151033,77,58,57,61.73
28. Clinical laboratory technicians,Clinical laboratory technicians,28,0.14338289802121046,14.488244317437985,5.984594857144514,56.6,60.700001,58.880745,54.53440336227058,60.49859973689526,53.005748439986974,64.60703141826674,62.64596606758731,66.40092991863354,72,53,51,60.63
"29. Physiotherapists, occupational therapists","Physiotherapists, occupational therapists",29,0.1595959321501184,14.583897689699983,5.9385261905062325,56.6,57,57.475777,54.079433328817046,56.77334033504255,52.921083453581225,64.16429682627566,59.51689307638476,62.78896001269121,63,51,60,60.63
"30. Certified orthoptists, speech therapists","Certified orthoptists, speech therapists",30,0.020027308250045055,15.255978926697393,5.665033058700113,56.6,61.599998,58.820286,54.04910199325348,57.32366274667989,53.68306833123292,73.08678918657445,51.1275092636044,57.265108318319854,60,60,60,58.95
32. Dental technicians,Dental technicians,32,0.09068508363430075,14.019983117086488,5.692641159303096,56.6,55.099998,54.250351,48.953437618573915,51.41827994487928,43.90426240136956,55.83955028101553,51.04446432706781,40.594671761764914,40,47,38,45.98
33. Nutritionists,Nutritionists,33,0.16147288429565154,14.588177594047217,5.598755729556733,56.6,56.099998,56.443501,50.57616407122485,57.4506602262885,51.2489499720678,69.65323175400479,48.03944773449843,51.90538386357772,52,52,51,58.95
"34. Masseurs, chiropractors, acupuncturists, moxacauterists and judo-orthopedists","Masseurs, chiropractors, acupuncturists, moxacauterists and judo-orthopedists",34,0.19851996152802764,14.105614566525148,5.28359365547602,56.6,61.200001,51.340527,46.81507846134232,49.809645203170156,41.1526503431829,57.853005063062575,40.75019513367114,39.36309204939442,36,51,60,60.63
35. Other health care workers,Other health care workers,35,0.27858693112506,14.308358348214266,5.503192864602044,56.6,55.700001,53.72253,50.136359705553105,54.74138066130471,47.20619687119355,60.66729403645409,47.401810349312726,50.98266817815472,52,45,51,60.63
36. Childcare workers,Childcare workers,36,0.84619050959659,14.036138265596302,5.325863012804246,50.5,53.799999,51.513535,44.63122230076536,53.302075892407075,46.12671829452032,63.35185187914616,39.27805216056016,41.675148299853234,36,23,25,45.77
37. Other social welfare specialist professionals,Other social welfare specialist professionals,37,0.7372993040618888,14.301915013072433,5.7077033718149,56.6,55.599998,57.072754,51.88041150045831,58.08564762433157,50.35996761480749,61.85807395186369,51.16946621427227,52.762989283887336,55,52,51,76.83
"38. Judges, public prosecutors and attorneys","Judges, public prosecutors and attorneys",38,0.05224418681601416,16.659214999826016,6.724484473346571,80.9,76.099998,73.586945,81.40796667159256,80.4795365286507,71.22988676382323,88.68842103972474,86.18830833330188,83.94284433916678,90,73,85,80.43
39. Patent attorneys and judicial scriveners40 Other legal workers,Patent attorneys and judicial scriveners40 Other legal workers,39,0.04213064109424876,15.6985560260077,6.1730710706468646,66.5,75.199997,67.192368,62.42055060879847,63.250211795081924,57.78932017191147,78.34356947544173,69.10243088773252,65.49956174691229,76,71,82,80.43
40. Other legal workers,Other legal workers,40,0.04791398114351617,15.115985891851007,6.13101874766315,66.5,63.900002,63.687149,59.918215424804046,60.64676346310531,57.38716148648419,71.2751673971549,69.58521995539854,72.25463470289247,83,71,82,80.43
41. Certified public accountants,Certified public accountants,41,0.03174521862794377,16.005176261785476,6.7147349918522785,66.5,70,72.900864,75.06871753880667,75.1668086316903,67.14480116974612,83.33270223224248,86.59773934370425,85.01905308730758,89,62,69,68.4
42. Licensed tax accountants,Licensed tax accountants,42,0.08878657920488407,15.64300938725767,6.416436121938812,66.5,70.599998,69.470482,63.7551293735955,64.98584401639965,57.49299271949137,76.78309110733083,76.07662099826904,76.91874458425588,84,62,69,68.4
43. Certified social insurance and labor consultant,Certified social insurance and labor consultant,43,0.031047717958928987,15.528787237419104,5.702820255978488,60.1,64.900002,63.343082,57.26422356299177,59.440287406823465,52.64592224776256,77.28093405161714,54.07127967095109,55.264351126286755,60,56,69,68.4
"44. Other management, finance, and insurance professionals","Other management, finance, and insurance professionals",44,0.12658206524343968,15.531911236835358,6.228946194788725,66.5,62.299999,66.89402,62.72386396443416,63.92753168632787,55.35520181274635,76.61190434545178,71.29616048844025,72.31467591575897,80,57,69,68.4
45. Kindergarten teachers,Kindergarten teachers,45,0.1519942502719886,14.397890928824213,5.512525439166739,55.3,59.099998,55.47633,48.57429592402931,61.32408335435126,48.85716410610554,68.57092504697765,45.457017406679775,44.70486529620461,43,49,43,63.79
46. Elementary school teachers,Elementary school teachers,46,0.8864756648567426,15.859002289511995,6.279166484680434,60.1,64.800003,69.164993,69.36642645285573,74.8704811792702,66.02299009987001,82.71541400164772,74.5886789933341,71.01296398595419,75,57,66,63.79
47. Junior high school teachers,Junior high school teachers,47,0.4763266456026137,15.996855113132058,6.303134214738892,60.1,65.599998,69.633835,71.12564391554272,74.74348369966158,65.72666264744991,83.93185473349925,75.47576554739173,68.48863923032395,72,60,69,71.89
48. Senior high school teachers,Senior high school teachers,48,0.5411201749956811,16.226483535269168,6.289107635138836,60.1,64.800003,70.246231,70.48868586870778,72.66919153272087,63.948697932929306,85.41490585003373,74.98545333038483,73.1036838036892,77,60,69,71.89
49. Special needs education school teachers,Special needs education school teachers,49,0.13791054891338606,15.962630206514726,6.247105972166471,60.1,64.199997,68.472015,68.72946840602079,72.11886912108353,66.21348631928294,83.39125454157043,73.14108017729997,72.65283978860985,75,62,66,73.49
50. University professors,University professors,50,0.38964044640898593,17.593180834075415,6.4389275119918254,78.6,78.300003,73.02401,73.94645812295462,78.55340808792003,62.234231958213,95.46426375567128,79.22929789099611,82.45115359202931,86,78,77,82.71
51. Other teachers,Other teachers,51,0.20850558751591775,14.801193015834714,5.7371359205978925,55.3,57.599998,58.572174,54.68606004008843,58.00098263792583,50.76212630023477,66.78024877827694,55.00236622646215,61.316297855063276,64,62,66,68.47
52. Workers in religion,Workers in religion,52,0.18176278229552548,15.173848138536933,5.573315556888674,57.1,62.299999,60.593887,53.98843932212634,55.778526744775064,41.9781339606389,72.20343157278913,49.66907936205861,45.61350477002176,43,60,53,73.02
53. Authors,Authors,53,0.06555025607300469,15.339027627844747,5.351468770754227,62.7,67.5,59.586681,52.456706876166116,54.69904816810184,49.5979827371558,74.76730412982542,43.796596459180776,47.29924350160386,49,58,65,80.08
"54. Journalists, editors","Journalists, editors",54,0.16648225070488284,15.320473174527491,6.056229130175932,49.8,65.400002,64.11573,60.03954076705832,64.45668785136377,52.28609605553815,74.72734666606785,65.01490630654389,64.75287427266437,72,58,65,80.08
"55. Sculptors, painters and industrial artists","Sculptors, painters and industrial artists",55,0.0630142825065388,14.289812622087766,4.7487133268748005,62.7,58,47.128735,43.82744190833079,46.12671829452032,43.777264921760946,60.95258175764627,28.797305588709346,32.729881547708324,21,57,54,73.32
56. Designers,Designers,56,0.3679108114094223,14.465320030453539,5.591921127553319,60.9,56.599998,54.949963,50.68232374569734,53.810065810841536,47.67185429642514,63.45628959159405,50.147228868801776,49.48645411219442,49,49,53,67.45
"57. Photographers, film operators","Photographers, film operators",57,0.12722342564786968,14.185549605509706,5.444247314287059,60.9,55.5,52.048058,48.57429592402931,51.94743610991518,40.8563228907628,59.43300732954409,45.65173030835482,44.62435570138951,47,46,48,61.73
58. Musicians,Musicians,58,0.0518918783689473,14.759701376679676,4.930936038272069,62.7,70.099998,51.371243,47.75534986381295,50.63512882062616,45.38589966347007,66.7602463094153,33.383484806824285,43.95435257263688,47,45,64,73.32
"59. Dancers, actors, directors and performers","Dancers, actors, directors and performers",59,0.10487769357873857,14.8044290689837,5.782706364757964,64.9,64.199997,57.525749,55.777988120376904,59.927111078656495,47.9470155022438,68.0188339620212,57.03059379668098,60.48201082887918,63,57,61,77.15
60. Librarians and curators,Librarians and curators,60,0.06512215276336741,15.500277625428014,5.50510192997489,60.1,65.699997,59.265724,52.83584857071072,65.95949136006571,50.31763512160462,78.29235653381596,45.83629098316811,49.29674046487942,43,54,65,72.95
61. Private tutors (for music),Private tutors (for music),61,0.1645800827933457,14.904130738334233,4.3164793757633335,55.3,62.900002,47.789364,40.83980535531926,48.66666788669262,41.02565286357429,71.57766085669509,16.70881956900833,35.58705993252449,27,62,65,68.47
"62. Private tutors (for dance, actor, direction, performance)","Private tutors (for dance, actor, direction, performance)",62,0.036558741480309735,13.60110232534861,4.721362702756858,55.3,57.099998,43.706966,40.80947401975569,48.30684169446821,40.94098787716854,52.711264613509314,25.947359439266428,43.06854276342689,43,62,65,68.47
63. Private tutors (for sports),Private tutors (for sports),63,0.1518829610807314,14.031954833689515,4.963097855529606,55.3,56.099998,48.061386,44.4037372840386,52.49775852155251,40.8563228907628,58.108667138242865,31.459273074725196,42.107149227267186,39,62,65,68.47
64. Private tutors (for study),Private tutors (for study),64,0.2449298536968692,15.483001961670277,4.874882993035673,55.3,64.699997,54.53688,49.287082309773176,55.41870055255066,44.03125988097817,77.46306281351433,30.888621100730774,40.725844488214925,38,62,65,68.47
65. Private tutors (not classified elsewhere),Private tutors (not classified elsewhere),65,0.20421752369719762,14.37642469303289,4.39825402145637,55.3,61.200001,45.941288,40.36966965408394,50.65629506722759,39.39585187526372,63.56469758310142,19.52365968001091,34.54917600771158,24,62,65,68.47
66. Sports professionals,Sports professionals,66,0.020143812338105353,13.614625967929927,6.199023909010924,64.9,55.099998,53.098015,56.687928187283966,58.59363754276603,47.3543605974036,51.09864721899095,69.29528212112821,67.61743343706347,77,49,54,61.96
67. Communication equipment operators,Communication equipment operators,67,0.042816885118197805,14.613771024253262,6.385729709299284,49,54.900002,60.027725,60.58550480720256,62.14956697180725,53.93706329045015,63.93543828817977,76.58696511503517,75.4681137926605,84,49,57,61.73
68. Specialist professionals not classified elsewhere,Specialist professionals not classified elsewhere,68,0.4482776033624745,15.171796150139558,5.6282438236578285,66.5,67.300003,59.721687,55.39884642583229,59.969443571859365,49.08999281872134,72.26770302068321,53.25199119974279,58.019193741478695,64,48,55,60.89
69. General affairs and human affairs workers,General affairs and human affairs workers,69,2.3760835328571233,13.815095381634722,5.71591303536935,49.8,54.5,52.739723,50.8188147557334,61.74740828637997,46.444211993541856,55.03457734908572,52.96063160175581,54.325400497332296,60,37,39,56.27
70. Reception and guidance clerical workers,Reception and guidance clerical workers,70,0.6411039751014613,13.373897013644804,4.861140393700534,46.3,56.400002,44.242378,39.96019662397576,54.14872575646451,40.559995438342696,49.75148441421135,26.293198232111706,31.98231917041637,24,38,52,54.96
71. Telephone receptionists,Telephone receptionists,71,0.40692919005971195,13.573401167162894,5.093737508663323,45.9,54,46.407745,41.628420079972045,53.153912166197024,41.59714152181305,52.30264433021761,31.125927767366605,35.60970592930535,32,38,52,54.96
72. Comprehensive clerical workers,Comprehensive clerical workers,72,4.8608167364242165,13.611810556456923,5.4835342011194275,49.8,55.400002,50.44313,48.1951542294847,61.02775590193116,45.4070659100715,52.61000687922956,45.41679194597619,47.96497689827654,46,37,45,55.33
73. Other general clerical workers,Other general clerical workers,73,7.288117999705131,14.486176911481753,5.981667316970147,49.8,58.599998,58.39254,56.24812382161222,63.80053420671925,48.34917418767108,63.47198001893977,63.03769639942765,64.45052954422451,72,37,39,56.27
74. Accountancy clerks,Accountancy clerks,74,3.2809386565202643,13.634700460077136,5.533226426109198,50.5,57.799999,50.792568,48.42263924621147,61.95907075239433,46.19021703432463,52.74054577701893,47.2373434191202,50.524157936575804,52,45,51,55.8
75. Production-related clerical workers,Production-related clerical workers,75,1.0487842176037745,13.704355327422453,5.901497846698374,46.3,47.5,52.622688,53.093664923001064,59.52495239322921,43.94659489457243,52.493929300142824,59.43308057246029,58.28681630233283,63,32,36,44.97
76. Sales clerks,Sales clerks,76,1.375798012177273,14.213976194590835,5.8965435647820925,49.8,52.799999,55.82962,53.851948312090286,62.297730698017304,48.7724991196998,60.614879310967154,58.27254431533439,57.763395805502164,60,37,39,56.27
77. Money collectors,Money collectors,77,0.05429960343072086,12.88532605827663,4.85986662495175,41.1,47.599998,42.947502,42.5535258146609,53.280909645805636,35.33193252778804,42.131109402052886,32.1739976700402,40.56717537639223,38,37,48,50.16
78. Investigators,Investigators,78,0.01752939666373259,14.078103465497547,4.650846653802296,41.1,60.599998,45.449982,41.56775740884491,56.265350416608094,37.469723434533066,58.72108936668101,28.36903340422068,56.60672126653634,64,37,39,56.27
79. Other outdoor service workers,Other outdoor service workers,79,0.09378199828831421,12.727890765629171,5.022513126657958,41.1,46.299999,41.960484,39.56588926164937,48.70900037989549,40.454164205335516,40.0340354267021,30.256398214678384,41.999031257848216,43,21,27,33.34
80. Transport clerical workers,Transport clerical workers,80,0.3054732073750459,12.937784522606323,5.92821482639322,45.9,44.700001,50.561237,51.425441467004774,55.41870055255066,43.163443770319304,42.38777550237466,59.90741438199363,56.55767992879161,60,37,45,44.97
81. Post clerical workers,Post clerical workers,81,0.3124591352652622,13.416404759964305,5.487612658797826,45.9,54.400002,48.515354,48.77144960519251,57.09083403406409,43.777264921760946,49.17026910088534,45.307500800216125,49.035804892080456,47,33,39,48.77
82. Personal computer operators,Personal computer operators,82,0.17616349890192193,13.758723655918834,5.34768159776016,46.3,51.700001,49.827499,45.844475723308115,54.86837814091332,43.29044124992792,54.207488016575965,39.709659643564976,41.808891320422276,37,45,50,59.26
83. Data entry device operators,Data entry device operators,83,0.17227551690832424,13.542258400444277,5.035181082856054,46.3,53.200001,45.698849,41.355438059899924,52.70942098756687,41.76647149462454,51.504479262913286,30.105283024940384,34.61361711772606,30,45,50,59.26
84. Other office appliance operators,Other office appliance operators,84,0.07902896459600323,13.976882637206575,5.65283030957272,46.3,52.700001,51.793602,49.60556133319065,56.413514142818144,44.34875357999971,56.82517551626866,50.41117519117481,51.81899167193998,49,42,51,59.26
"85. Retailers, retail manager","Retailers, retail manager",85,0.6048122158639054,13.305292006267566,5.2863244697874565,49,50.5,48.02993,47.2245514914505,51.03728750605344,41.34314656259582,47.99293466821563,41.905907399818325,35.27012322810753,31,46,49,56.18
"86. Wholesalers, wholesale manager","Wholesalers, wholesale manager",86,0.10454808720220674,13.262867245900598,5.479538448908328,50.5,52.099998,50.498402,48.21031989726648,50.57163008082185,44.47575105960833,47.30605353831509,45.67824082550388,40.60267732489972,39,46,49,56.18
87. Shop assistants,Shop assistants,87,5.424250763852608,13.06553281097569,5.0573371936713905,41.1,46.599998,44.314762,41.08245603982781,53.492572111819996,37.363892201525886,44.82855708653946,32.00573351919794,32.42471130767834,27,32,43,45.26
88. Home visit and mobile sales workers,Home visit and mobile sales workers,88,0.05728950231257149,12.620184260600304,4.717701475547845,41.1,45.900002,39.862858,38.47396118136089,47.82001802263519,36.03041866563542,39.092220377533096,26.58013408527755,27.187811974457453,19,25,29,33.37
89. Recycled resources collection and wholesale workers,Recycled resources collection and wholesale workers,89,0.040635863177966865,11.836208661705342,5.37712993946189,41.1,43.099998,39.288525,44.52506262629287,48.45500542067826,39.776844314089566,30.170204590598043,42.92468940155573,40.46846060243302,39,49,50,54.3
90. Goods purchase canvassers,Goods purchase canvassers,90,0.06024851529836528,14.143715570959255,6.01336838665246,45.4,52.5,56.41378,56.050970140449024,58.48780630975885,48.1798442148596,59.06294679014188,64.21614710883168,59.391420599865604,60,49,50,54.3
91. Real estate agents and dealers,Real estate agents and dealers,91,0.20350095330250312,14.128029031856748,5.9702092372455144,45.4,59.5,58.902836,54.97420772794233,58.31847633694737,48.41267292747539,59.111641248140366,61.87777505672879,62.61833370116598,66,49,59,59.95
92. Insurance agents and brokers,Insurance agents and brokers,92,0.08667066792104815,13.843355957552228,5.544375861252029,42.8,54.299999,54.405014,51.03113410467838,54.55088444189179,46.380713253737554,55.1277982406772,48.3508493915784,50.457140853892575,52,44,54,59.95
93. Other quasi-sales workers,Other quasi-sales workers,93,0.3660373969501415,13.812484846915604,5.428897937419433,41.1,51.099998,51.278248,46.58759344461555,55.75736049817363,41.57597527521162,54.99082845963054,44.40227096775923,46.73898717731867,43,32,43,45.26
94. Medicine sales workers,Medicine sales workers,94,0.19388554304568578,15.457883255701914,6.558343849320546,45.4,60.900002,67.5793,68.95695342274755,69.76941574832416,56.68867534863681,76.29174909131422,82.92810937658719,78.44434294083187,84,46,56,59.95
"95. Machinery, communication and system sales workers","Machinery, communication and system sales workers",95,1.2020919703493607,14.4990954006282,6.307253136453374,45.4,51.799999,60.843151,60.2518601160033,61.57807831356848,52.4342597817482,63.34201309254145,74.11800659553158,69.07466889618584,74,46,56,59.95
96. Finance and insurance sales workers,Finance and insurance sales workers,96,0.9359505428330503,14.12134793180791,6.020792079449303,42.8,49.5,57.369705,54.655728704524854,63.96986417953074,48.37034043427252,58.843245383937976,62.602977670978824,60.72128699477507,67,50,61,59.95
97. Real estate sales workers,Real estate sales workers,97,0.19055162934569417,14.33205535930265,6.141709068508891,45.4,54.700001,58.463814,58.21966063324419,60.60443096990244,50.06364016238739,61.549949209004815,67.74592868374265,62.996103107682686,66,49,59,59.95
98. Other sales workers,Other sales workers,98,3.491358732064694,14.220045414244844,6.144414215575043,45.4,51.5,58.791771,57.24905789520999,59.41912116022203,47.036866898382065,59.73417781159461,67.9183288929677,63.11512788619938,66,32,43,45.26
100. Other domestic support service workers,Other domestic support service workers,100,0.01614691366573973,13.164767922877019,4.121589464471933,37.2,54.599998,37.571228,29.056081488872778,42.76128508489202,30.548360795863545,48.24879935438744,13.615955300997383,24.10286744568768,15,22,16,25.01
"101. Care workers (medical and welfare facilities, etc.)","Care workers (medical and welfare facilities, etc.)",101,1.8179153693071617,12.998316749521484,5.265619164451019,37.2,44.599998,45.574951,42.5535258146609,50.7197938070319,43.565602455746586,44.070935339273056,35.20955955110417,36.53317002350567,36,42,25,45.77
102. Home visiting care workers,Home visiting care workers,102,0.6273944244626988,12.796681818101149,4.7141768702182905,37.2,47.099998,39.678627,35.27400527940438,49.23815654493139,37.95654710636609,41.69418371144246,22.592850460779346,35.42480552077468,31,17,25,45.77
103. Care assistants,Care assistants,103,0.2874166107446174,12.674834988574124,5.237783033608038,56.6,45.299999,43.290512,40.94596502979175,48.70900037989549,43.777264921760946,39.5663930561309,33.695561942611285,35.22458481147245,36,42,25,45.77
104. Other healthcare service workers,Other healthcare service workers,104,0.2996714080183949,13.248044546976098,4.83517347379753,56.6,58.099998,43.213303,38.868268543687286,52.07443358952379,41.17381658978434,47.39410108244257,25.47597157365243,31.71867304992761,27,29,25,45.77
105. Hairdressers,Hairdressers,105,0.2721073242531488,13.023267643209014,4.965787813796724,47.6,40.5,44.248535,38.48912684914268,45.639894622687294,34.56994765013635,43.94565025495547,31.178880303244323,21.006164059636653,13,32,29,46.16
106. Beauticians,Beauticians,106,0.5293665752523415,13.385818049247915,5.080788333189409,47.6,42.299999,46.437603,39.32323857714081,48.53967040708401,40.369499218929775,48.02749587465366,32.74124363953732,27.121809657006775,21,32,29,46.16
107. Cosmetic service workers (except beauticians),Cosmetic service workers (except beauticians),107,0.14797322153537698,13.033130528815661,4.587034416513258,47.6,50.099998,41.541061,34.72804123926014,49.17465780512708,37.87188211996035,44.79346279347101,21.659385604566967,23.259937753652167,17,32,29,46.16
108. Bath workers,Bath workers,108,0.056060868676984954,12.26520994569586,4.818902042529583,37.2,38.900002,38.977654,34.1820771991159,46.634708212954784,32.09349679776836,34.57278136339758,25.111924994636343,25.06794302596976,21,29,19,43.35
109. Launderers and fullers,Launderers and fullers,109,0.20556076407512225,12.069753973609604,4.837506611265338,40.7,42.700001,36.319885,34.25790553802482,46.33838076053468,32.72848419581143,32.677549482589505,25.593141720595664,23.011887632210637,17,22,16,24.69
110. Cooks,Cooks,110,3.0307738374287823,12.506072857186401,4.958061853270548,49.3,41.900002,40.958054,38.26164183241591,48.68783413329406,36.940567269497166,37.94158448816499,29.616152415088685,27.404006390426087,21,31,30,38.29
111. Bartenders,Bartenders,111,0.010044482300348016,12.774032182841852,5.3616986029136005,37.2,43.299999,45.293091,41.764911090008106,45.32240092366576,40.263667985922595,40.949180202768716,38.57877789269494,30.45517314209381,28,21,34,38.29
"112. Restaurateurs, restaurant managers","Restaurateurs, restaurant managers",112,0.2582217092776137,12.646562984641692,5.279137429448243,49,40.599998,44.023148,43.448300213786176,50.7197938070319,41.11031784998003,39.97975444629949,40.95524570091256,35.21389467963686,33,38,44,56.18
113. Japanese inn owners and managers,Japanese inn owners and managers,113,0.03941473351416608,13.25489699756453,5.5336227885725,49,39.400002,50.987942,48.6804555985018,53.048080933189844,43.099945030514995,47.509085213649826,49.241245882060575,46.77329350772918,50,38,44,56.18
114. Food and drink service and personal assistance workers,Food and drink service and personal assistance workers,114,1.2492094661149729,12.619099722765519,4.621888130564896,37.2,41.5,39.808411,33.165977457736346,49.978975175981645,34.01962523849902,39.57660979293833,21.602570213734726,25.01444094575887,21,21,34,38.29
115. Customer entertainment workers,Customer entertainment workers,115,0.033315085356811,11.443177157862326,4.693814043835181,37.2,28.5,33.085636,28.84376213992779,45.80922459549878,35.43776376079522,26.09533526946945,22.30849243582289,36.14560564608792,28,29,19,43.35
"116. Service workers in places of entertainment, etc.","Service workers in places of entertainment, etc.",116,0.5446989748621032,12.899070131772955,5.269870127631388,37.2,42.799999,44.427261,42.93266750920551,50.97378876624913,40.771657904357056,42.826573068370536,36.70367857442693,36.972050555861884,36,29,19,43.35
"117. Condominiums, apartment buildings, lodging houses, hostel and dormitory management personnel","Condominiums, apartment buildings, lodging houses, hostel and dormitory management personnel",117,0.21617575146909276,13.494879500910464,5.16322348505421,38.8,53.799999,50.645626,46.04162940447131,50.78329254683621,43.015280044109254,50.79608100307597,35.932660748320636,39.003418971723036,36,25,23,35.42
118. Office building management personnel,Office building management personnel,118,0.07710914072208856,13.65703374921967,5.735516961800202,37.2,52.099998,55.169819,51.66809215151333,54.14872575646451,46.719373199360525,52.57826573431709,53.878409718880064,55.39637987596578,60,25,23,35.42
119. Car park management personnel,Car park management personnel,119,0.05779981236821266,12.891359071853351,5.06111229452728,37.2,46.299999,46.400547,40.779142684192124,44.13709111398535,41.6818065082188,42.867618595665824,31.398622333697197,35.29739931960085,36,20,27,33.34
120. Travel and tourist guides,Travel and tourist guides,120,0.030193453458722975,13.779226044035257,5.125511547505567,46.9,51.700001,48.224705,44.73738197523785,50.296468875003185,42.40145889266761,54.10478202445772,33.25599833059578,33.41389245486805,30,29,34,51.45
121. Left luggage handlers,Left luggage handlers,121,0.0030939971945423144,12.624367681984042,4.595137251365509,37.2,41.099998,41.756584,32.49868807533784,37.42739094133019,36.26324737825122,40.761303212089,18.702418194116206,30.205970740214234,15,20,27,33.34
122. Commodity hire workers,Commodity hire workers,122,0.08286942236398404,13.281425500471311,5.3194198636695065,37.2,48.799999,46.421085,44.88903865305569,51.69344115069795,40.136670506313976,47.64278822522833,39.070013148217456,38.85952921713099,33,32,43,45.26
123. Advertisers,Advertisers,123,0.07405246518393184,13.209159584936025,4.610658529361286,60.9,49.799999,43.522285,39.56588926164937,48.53967040708401,40.771657904357056,47.296966513062245,27.97751868576214,36.99985876070443,36,28,43,49.36
"124. Undertakers, crematorium workers","Undertakers, crematorium workers",124,0.07764418936581824,12.859132349558449,5.398653946063849,37.2,46.299999,44.741661,45.73831604883562,52.85758471377692,40.411831712132646,42.05349498286594,42.26524790142268,42.37937062762931,43,34,54,43.35
125. Service workers not classified elsewhere,Service workers not classified elsewhere,125,0.6059426955959404,13.718239800414066,4.621456147732321,37.2,57.5,44.557056,37.397198768854196,49.216990298329954,37.80838338015604,55.343409899821786,21.309732370895155,28.930077422584525,21,29,19,43.35
126. Self-defense officials,Self-defense officials,126,0.30936614170778953,12.729421242138786,6.358407760148129,55,43.200001,50.256496,58.28032330437133,60.117607298069416,56.709841595238245,38.52347506169277,77.16010449758781,75.42998598952488,77,39,40,44.73
127. Police officers and maritime safety officials,Police officers and maritime safety officials,127,0.4675316450836308,14.18954773630966,6.511713976485774,55,55.099998,60.940392,65.33235882290109,66.67914374451453,60.117607298069416,58.85139191507874,83.04349663764845,77.33661133059593,80,40,50,44.73
128. Prison guards and other judicial police staff,Prison guards and other judicial police staff,128,0.021189670296706757,14.122726524929025,6.3613114478921045,38.8,53.200001,60.351673,62.64803562552524,63.82170045332069,59.1651262010048,57.78823319041468,77.65696129650375,75.95054564654669,80,39,40,44.73
129. Firefighters,Firefighters,129,0.28998999740757075,13.35926547837722,6.416657643936731,55,51.5,56.033833,60.60067047498434,61.9379045057929,60.09644105146798,47.214014607399086,79.52080074531077,79.27490213270522,83,35,42,44.73
130. Security staff,Security staff,130,0.542354841141744,12.867487656479389,5.457468748824681,38.8,38.099998,47.68232,45.08619233421889,47.75651928283088,38.84552946362639,41.97743888385663,41.62260483699522,37.02864772370153,36,30,40,44.73
131. Other public security workers not classified elsewhere,Other public security workers not classified elsewhere,131,0.1327305373319272,12.560332646662339,5.2206851494309605,38.8,39.599998,43.239628,41.825573761135246,45.639894622687294,38.9090282034307,38.677070152223266,34.2479448492473,33.86798349758557,25,30,40,44.73
132. Crop farming workers,Crop farming workers,132,1.7137214813117747,12.277396590718984,4.528415906924455,43.9,43.700001,36.458252,37.169713752127436,45.7033933624916,31.077516960899437,35.1146300288262,24.406919608326263,22.09761746060794,9,40,23,38.2
133. Livestock farm workers,Livestock farm workers,133,0.22870077382787313,12.31631201487512,5.250247077215767,43.9,43,41.414757,43.85777324389436,50.21180388859744,37.44855718793163,35.80319940732045,40.35765676466108,34.49719904361913,30,40,23,42.35
"134. Landscape gardeners, nursery workers","Landscape gardeners, nursery workers",134,0.20902179097066725,12.340592248907804,5.360787609606061,43.9,44.599998,42.619431,43.55445988825867,47.31202810420073,33.80796277248466,36.00609653136372,40.75432533614757,40.62565218771762,43,40,23,36.35
135. Other agricultural workers,Other agricultural workers,135,0.011758239277836454,13.114622518192267,5.481331154496437,43.9,44.799999,43.206852,46.269114421198076,50.10597265559026,37.82954962675747,45.10336574036758,44.772571661342134,49.60687541815172,52,40,23,38.2
136. Forest nursery workers,Forest nursery workers,136,0.03481977633735056,12.189252400364724,5.4432206604087785,43.9,41.099998,41.123665,44.32790894512967,47.92584925564237,36.34791236465696,34.18892291691866,42.307396510152536,43.75886036650534,40,24,22,26.19
"137. Tree-felling, logging, and collecting workers","Tree-felling, logging, and collecting workers",137,0.03160016388001366,11.530341170064812,5.447619670582234,43.9,36.200001,37.900169,42.826507834733015,47.079199391584936,29.08788978036447,26.794233601068292,41.78542470350426,41.750839870199506,37,24,22,26.19
138. Other forestry workers,Other forestry workers,138,0.00880131165212673,12.64981935532165,5.2999434075873015,43.9,44.799999,43.563812,45.10135800200068,48.89949659930842,34.146622718107636,39.56804318270116,41.22245109203252,43.69561271692669,49,24,22,26.19
139. Fishery workers,Fishery workers,139,0.11221964384379754,10.81673456653438,5.2006461833662705,44.7,32.900002,32.824799,39.854036949503275,46.296048267331805,25.087469172693094,19.508380266431853,38.79558871017726,36.74171583806986,32,28,28,21.98
141. Seaweed and shellfish harvesting workers,Seaweed and shellfish harvesting workers,141,0.019286673279503293,10.967363312492793,5.011578606963341,44.7,36.200001,31.58182,40.475829328556436,47.69302054302658,32.55915422299995,21.12133217681089,35.28254631595856,36.47970763394772,30,23,28,19.64
142. Aquaculture workers,Aquaculture workers,142,0.07307282161760228,11.700352903740445,5.128995196530937,44.7,41.799999,36.710796,42.37153780127949,49.661481476960105,34.08312397830333,28.32074456412635,38.795619867009925,35.18921838562476,30,23,28,33.33
143. Other fishery workers,Other fishery workers,143,0.008137530563290916,11.0003984952629,4.015753158438888,44.7,37.700001,24.196648,26.371758291496935,46.655874459556216,30.823522001682207,21.931078236074057,14.721111309662149,12.928849573206953,3,28,28,21.98
"144. Pig-iron forging, steelmaking, non-ferrous metal smelting workers","Pig-iron forging, steelmaking, non-ferrous metal smelting workers",144,0.08411813045720909,12.524709014694922,6.135625847123113,46.9,43.400002,48.32515,54.45857502336166,56.77334033504255,40.70815916455275,36.69126739197619,67.65162431725356,66.38806200783073,72,40,30,27
145. Cast metal manufacturing and forging workers,Cast metal manufacturing and forging workers,145,0.07635524999393221,12.105412423472764,5.94995296228989,46.9,40.799999,45.067211,50.45483872897057,53.302075892407075,41.63947401501592,32.31270839978167,60.009695405788825,56.241926304522465,60,38,29,33.3
146. Metal machine tools workers,Metal machine tools workers,146,0.2731623704265615,12.330009385210074,5.870865486651181,46.9,40.099998,45.975845,50.272850715589165,53.386740878812816,40.89865538396567,35.10055793724903,57.34622711938992,53.42125918992945,55,38,36,30.77
147. Metal press workers,Metal press workers,147,0.13573000271367583,12.041990707876515,5.658337858689383,46.9,38.5,42.288155,47.315545498141205,51.73577364390082,38.44337077819911,31.568726390462093,50.17563691588657,47.92620236575492,49,35,33,35.65
"148. Ironworkers, boilermakers","Ironworkers, boilermakers",148,0.12779734158678996,11.914459005290368,5.776733012559481,46.9,44.099998,43.102959,48.028331883885066,51.03728750605344,39.776844314089566,30.44815098427398,53.58892956237197,50.43842545674999,49,34,33,33.3
149. Sheet metal workers,Sheet metal workers,149,0.16837083128334013,11.797478810639799,5.725147258316555,46.9,42.900002,41.214062,47.34587683370477,50.7197938070319,37.4908896811345,29.56314169556402,52.51989853873264,49.69894406702453,49,34,33,33.3
150. Metal sculpture and plating workers,Metal sculpture and plating workers,150,0.09702641954061077,12.25176304036323,5.825112518376291,46.9,40.5,44.709942,49.287082309773176,52.984582193385535,41.63947401501592,34.32480447999136,55.34570165959206,50.919702603968815,50,27,24,35.65
151. Metal welding and fusion cutting workers,Metal welding and fusion cutting workers,151,0.2954358136748583,11.584551442324274,5.78485693221931,46.9,37.599998,40.914669,47.57336185043154,50.93145627304626,41.00448661697285,26.71329554849193,53.29577585816566,50.03114185448281,49,39,30,33.3
152. Other product manufacturing and processing workers (metal products),Other product manufacturing and processing workers (metal products),152,0.9115872745618024,12.292693215550019,5.783486202824239,46.9,41.5,44.740368,49.226419638646036,53.259743399204204,39.861509300495314,34.538907374422756,54.70043622837649,51.90869601528091,55,38,31,33.3
153. Chemical product manufacturing workers,Chemical product manufacturing workers,153,0.4156145640806369,12.99983360238141,5.98611318959507,46.9,46.200001,49.268425,53.18465892969177,57.28133025347701,44.2217561003911,42.5425502374987,62.22177836047621,62.047549082208626,68,42,35,37.27
"154. Ceramic, earth, and stone product manufacturing workers","Ceramic, earth, and stone product manufacturing workers",154,0.3179977649347014,12.364399101561073,5.641122191094547,42.5,42,44.020824,47.43687084039548,51.52411117788646,38.88786195682926,35.64940421745356,50.262427632029414,48.01045141945106,49,28,28,32.12
155. Food manufacturing workers,Food manufacturing workers,155,2.2084779193360213,12.3892106580517,5.033522845892442,40.9,39.400002,40.058361,38.32230450354305,50.190637641996005,34.48528266373061,36.31414046756888,30.51915378687929,28.931555557868403,24,28,30,31.22
156. Beverage and cigarette manufacturing workers,Beverage and cigarette manufacturing workers,156,0.08898562819423277,13.058372540687529,5.6602026294859495,40.9,43.900002,47.683773,48.953437618573915,53.556070851624305,39.946174286901055,44.15168861084426,50.598990930993075,49.88886459642239,50,28,30,31.22
"157. Spinning, weaving, apparel, and fiber product manufacturing workers","Spinning, weaving, apparel, and fiber product manufacturing workers",157,0.6332007989276904,12.166723838036395,4.837055211115069,40.7,39.5,37.311031,36.047454336275386,50.232970135198876,34.40061767732487,33.90726407454407,27.233379913151083,24.942118400697442,17,34,36,34.28
158. Wooden and paper product manufacturing workers,Wooden and paper product manufacturing workers,158,0.5704167775622682,12.215110853488088,5.417698763015113,49.8,42,41.648949,45.23784901203674,50.35996761480749,36.538408584069884,34.091236864940974,43.723473061181274,40.865785664985395,43,31,29,38.27
159. Printing and bookbinding workers,Printing and bookbinding workers,159,0.49300250594724115,12.905862713270889,5.640246527429084,42.5,46.599998,46.770657,48.21031989726648,53.090413426392715,42.23212891985612,42.25444617220697,49.90937857680124,46.4415760790709,47,42,40,47.39
"160. Rubber, plastic product manufacturing workers","Rubber, plastic product manufacturing workers",160,0.5814042942811045,12.305990244882425,5.563694019063153,46.9,40.299999,42.647339,47.20938582366871,53.090413426392715,37.258060968518706,34.53679407237177,48.14653651868484,45.618616357643454,47,30,30,28.18
161. Other product manufacturing and processing workers (except metalproducts),Other product manufacturing and processing workers (except metalproducts),161,0.6470310464062591,12.642121083143923,5.106796683013354,46.9,45.299999,41.003407,43.023661515896215,50.148305148793135,37.173395982112964,39.61789553219918,36.20344281219259,35.71353928698658,32,33,26,34.52
"162. General-purpose, manufacturing, and business-use mechanical apparatus assembly workers","General-purpose, manufacturing, and business-use mechanical apparatus assembly workers",162,0.7871776075608872,12.573140865103811,5.895884025556242,46.9,43.400002,46.818558,50.95530576576946,54.93187688071763,41.194982836385776,37.94116910176322,58.64617140083026,55.88920155732192,60,33,31,37.52
163. Electro-mechanical apparatus assembly workers,Electro-mechanical apparatus assembly workers,163,1.0778298345635662,12.60983391052521,5.627694273840055,46.9,41.5,44.368717,47.77051553159473,54.72021441470328,40.306000479125466,37.91690320487519,49.976289037334325,48.03100798881145,49,48,34,37.52
164. Automobile assembly workers,Automobile assembly workers,164,0.4379118346253724,12.496174425726535,6.02567796337625,46.9,42.200001,46.892445,52.30505019834827,56.053687950593734,42.16863018005182,36.28242161971899,64.02454907534059,61.754246059116504,67,30,30,37.52
165. Transportation machinery assembly workers (except automobiles),Transportation machinery assembly workers (except automobiles),165,0.0852519542981255,12.483520637480748,5.921981538534091,46.9,44,47.129005,51.88041150045831,54.44505320888461,41.99930020724033,36.73115136025735,59.98022380253695,57.12328220484982,63,30,30,37.52
"166. Weighing and measuring appliance, photo-optic mechanical apparatus assembly workers","Weighing and measuring appliance, photo-optic mechanical apparatus assembly workers",166,0.12396953291702409,12.688686065521377,5.632164434800738,46.9,40,44.24297,46.6330904479609,53.57723709822574,41.49131028880587,39.42465314424239,48.841453435764706,47.24940325150119,46,30,30,37.52
"167. General-purpose, manufacturing, and business-use mechanical apparatus maintenance and repair workers","General-purpose, manufacturing, and business-use mechanical apparatus maintenance and repair workers",167,0.7505568208149211,12.860196759563483,6.086593898694626,46.9,45.400002,49.972919,53.66996029870887,55.52453178555784,43.79843116836238,41.34544908210163,65.75355803979869,63.606091435643364,67,43,34,39.82
168. Electro-mechanical apparatus maintenance and repair workers,Electro-mechanical apparatus maintenance and repair workers,168,0.22608462450497113,13.301546191005107,5.967014903174799,46.9,50.200001,52.388748,52.42637554060255,54.44505320888461,43.18461001692074,46.90627098333005,61.623037120983625,57.834507875733856,63,38,40,43.57
169. Automobile maintenance and repair workers,Automobile maintenance and repair workers,169,0.7055817874811828,12.636136458474141,5.777048289199929,46.9,48.200001,46.626869,48.25581690061183,50.67746131382903,39.37468562866229,39.26454126649108,53.86632864892679,46.61976516174083,49,43,34,39.43
170. Transportation machinery maintenance and repair workers (except automobiles),Transportation machinery maintenance and repair workers (except automobiles),170,0.10755854552994015,12.95473208132392,6.065650962539835,46.9,47.700001,50.88266,53.245321600818905,55.29170307294204,39.26885439565511,42.400073456667855,65.94868284662391,64.86464913566637,74,42,33,35.44
"171. Weighing and measuring appliance, photo-optic mechanical apparatus maintenance and repair workers","Weighing and measuring appliance, photo-optic mechanical apparatus maintenance and repair workers",171,0.024498961971933013,13.199114307953192,5.770454334085532,46.9,40.5,48.171227,50.74298641682448,53.7888995642401,42.38029264606618,45.981980639581465,55.52365304044779,54.74667275514625,63,48,39,42.58
172. Metal product inspection workers,Metal product inspection workers,172,0.17362541784367339,12.714660590216635,5.598708292141456,46.9,40.900002,45.456673,48.25581690061183,56.307682909810964,41.66064026161736,39.96255198472235,48.154468121785555,46.46893275591003,46,38,36,30.77
173. Chemical product inspection workers,Chemical product inspection workers,173,0.08750638044536053,13.806433365442075,5.8479996555642835,46.9,49.200001,51.011822,52.57803221842039,60.79492718931536,47.92584925564237,53.1851524385218,57.08853079193162,56.75376491619459,60,42,35,37.27
"174. Ceramic, earth, and stone product inspection workers","Ceramic, earth, and stone product inspection workers",174,0.04760525268784484,12.9004328410025,5.738552573465387,42.5,44.5,46.956955,49.74205234322671,54.9742093739205,43.163443770319304,42.100117422391534,52.04684278089522,48.2996988481014,49,31,22,25.76
175. Food inspection workers,Food inspection workers,175,0.0864923299185464,13.209786858702374,5.2819992883803355,40.9,41.599998,45.761745,43.660619562731156,55.60919677196358,40.53882919174126,46.75737369037964,37.82878145416488,36.442955488609755,27,28,30,31.22
176. Beverage and cigarette inspection workers,Beverage and cigarette inspection workers,176,0.010910302031507326,13.556394307332642,5.532652117225935,40.9,40.299999,49.107475,48.316479571738974,56.074854197195165,44.83557725183273,51.6227839298589,44.47265200656247,45.48714998039846,39,28,30,31.22
"177. Spinning, weaving, apparel, and fiber product inspection workers","Spinning, weaving, apparel, and fiber product inspection workers",177,0.05866806301367238,12.43491086767491,5.001935220938331,40.9,41.200001,40.534836,38.09481948681628,52.1379323293281,38.69736573741634,36.53852808943582,29.020176367560104,26.876554671847675,18,34,36,34.28
178. Wooden and paper product inspection workers,Wooden and paper product inspection workers,178,0.030016836528170263,12.716485737475523,5.409200447777776,40.7,43.299999,44.575745,45.52599669989064,54.95304312731907,42.18979642665325,39.56949710070133,41.34871722183102,40.15739635472423,36,29,27,31.66
179. Printing and bookbinding inspection workers,Printing and bookbinding inspection workers,179,0.027587310713242993,12.732791601140594,5.194009992501894,42.5,46.900002,42.30814,42.735513828042315,55.03770811372481,39.988506780103926,39.928566249076255,34.8749729927474,37.14667342415783,27,41,38,40.54
"180. Rubber, plastic product inspection workers","Rubber, plastic product inspection workers",180,0.14355740071478215,12.451320210415721,5.139456875977446,46.9,39.299999,40.00515,40.59715467081071,54.78371315450758,38.33753954519193,36.40786069872216,33.550642230110576,31.9432541722747,24,30,30,28.18
181. Other product inspection workers,Other product inspection workers,181,0.05454106995000428,13.019546840438236,5.3829888866803755,40.7,42.099998,45.295609,46.04162940447131,56.201851676803784,39.67101308108239,44.12837708704727,42.879983302580044,43.49787327839249,39,33,26,34.52
"182. General-purpose, manufacturing, and business-use mechanical apparatus inspection workers","General-purpose, manufacturing, and business-use mechanical apparatus inspection workers",182,0.1214352193856888,12.93110721444878,5.754337512151138,46.9,41.700001,47.015301,49.95437169217169,57.1543327738684,41.95696771403746,42.265474201374474,54.119380932902004,52.7448179000984,55,33,31,37.52
183. Electro-mechanical apparatus inspection workers,Electro-mechanical apparatus inspection workers,183,0.30216090170565985,12.83105601374939,5.590389711519144,46.9,40.299999,45.231857,46.966735139160164,56.646342855433936,42.40145889266761,40.73983765265187,47.866428214623056,45.45509744295898,43,48,34,37.52
184. Automobile inspection workers,Automobile inspection workers,184,0.12584027909381812,12.846291710913373,5.854240376812787,46.9,43.099998,47.313023,50.80364908795162,57.47182647288994,41.80880398782741,41.04656119495134,58.46225127394064,56.878452500252656,63,30,30,37.52
185. Transportation machinery inspection workers (except automobiles),Transportation machinery inspection workers (except automobiles),185,0.017329995359669878,13.030826096760821,6.118614238859949,46.9,48.700001,52.236637,55.74765678481333,58.44547381655598,41.194982836385776,43.14831537860477,67.40714254538486,65.74438189751582,72,30,30,37.52
"186. Weighing and measuring appliance, photo-optic mechanical apparatus inspection workers","Weighing and measuring appliance, photo-optic mechanical apparatus inspection workers",186,0.029765255535616875,12.761880850709659,5.5548823612160065,46.9,40.700001,42.325985,45.32884301872745,54.99537562052194,43.311607496529355,39.98585177662754,46.0249890635894,46.142777079845494,43,30,30,37.52
"187. Painters, paint and signboard production workers","Painters, paint and signboard production workers",187,0.47280776224711707,11.749360569675048,5.605748901011891,42.5,43.900002,39.670982,45.61699070658135,49.534483997351494,39.946174286901055,29.520037117752672,48.3190242086586,46.272124033944564,46,31,29,32.24
"188. Manufacturing-related workers (except painters, paint-signboard production)","Manufacturing-related workers (except painters, paint-signboard production)",188,0.5922516742556808,14.354161761177194,5.965715143844687,49.8,53.299999,56.724712,55.15619574132374,60.20227228447516,46.550043226549036,61.042502871754415,61.56426613246376,58.50420711010282,60,41,38,40.88
189. Quasi-manufacturing workers,Quasi-manufacturing workers,189,0.10021001452325776,13.184639684298894,5.564975738666016,49.8,48.400002,48.427418,49.787549346572064,55.41870055255066,35.75525745981676,45.877758154036236,49.90072440434175,53.19638620611103,60,44,52,61.73
190. Railway drivers,Railway drivers,190,0.07880127129162198,12.54418497328076,6.398533110529559,49,45.599998,50.251541,58.083169623208136,59.77894735244644,58.59363754276603,35.615953024965194,78.96352583976415,78.64181791142349,83,43,41,37.45
191. Motor vehicle drivers,Motor vehicle drivers,191,2.906988031521213,11.910744186073005,5.734997522113487,46.9,37.299999,42.722385,46.966735139160164,50.06364016238739,41.87230272763172,30.348730735516245,51.35593662640507,42.305368292906984,43,32,34,36.43
195. Conductors,Conductors,195,0.040005938785777156,12.697083157479682,6.09123055348927,45.9,45.5,49.170963,53.13916192634642,59.821279845649315,40.877489137364236,37.97560808109902,67.5553207975618,72.02948900846884,77,32,34,51.45
197. Transport workers not classified elsewhere,Transport workers not classified elsewhere,197,0.17944541440735903,11.9621893601424,5.735614633835906,45.9,38,42.073612,47.330711165922985,50.16947139539457,43.311607496529355,30.391573944167632,50.76187052633103,46.22540646107619,43,33,32,34.75
"201. Construction, well-drilling machinery operators","Construction, well-drilling machinery operators",201,0.1895441143528809,11.316791443424913,5.764531034446781,45,37.799999,39.836613,45.99613240112596,49.555650243952925,37.87188211996035,24.210327822985956,52.09858176779802,47.81552009639076,49,31,35,36.75
202. Other stationary and construction machinery operators,Other stationary and construction machinery operators,202,0.2856667010302542,13.208451887188279,5.9636327744544655,45,46.200001,51.796589,52.80551723514716,54.46621945548604,45.28006843046289,45.9250080888225,60.37874870259089,61.0078577415008,63,38,40,43.57
203. Molding box carpenters,Molding box carpenters,203,0.09351108089194968,10.996552473213452,5.635944367224883,50.7,35.5,35.721523,43.3269748715319,47.75651928283088,39.81917680729244,21.375495834828083,47.16584565530614,43.47272678563216,43,37,29,30.68
204. Scaffolding workers (Tobishoku),Scaffolding workers (Tobishoku),204,0.15849951217597358,11.040418873216572,5.641805589669431,50.7,40.799999,35.760067,44.722216307456065,48.62433539348975,42.65545385188484,21.94172278110993,48.44394815350087,45.58749035118025,46,28,30,30.68
205. Steel reinforcement workers,Steel reinforcement workers,205,0.06183441501986595,11.163978984394248,5.6940042087643645,50.7,42.799999,36.379784,44.82837598192856,48.66666788669262,42.29562765966043,22.83599245529545,50.1591213847979,47.507514297211756,47,28,30,30.68
206. Carpenters,Carpenters,206,0.688809684413941,11.318640243788066,5.599779623031768,50.7,39.200001,38.519218,44.07009259283934,48.09517922845386,35.12027006177368,25.089541935826382,47.322826169191515,43.46138432897574,43,37,29,30.68
207. Block and tile laying workers,Block and tile laying workers,207,0.05558074921173422,11.186979177901256,5.607342582584744,44.4,38,37.486565,43.93360158280328,48.11634547505529,40.306000479125466,23.48330250043774,47.04351082424591,45.22172959018081,46,31,30,39
208. Roofing workers,Roofing workers,208,0.042601364060103016,11.66397553451725,5.574404238370903,50.7,46.099998,39.652748,45.920304062217035,49.38632027114144,34.23128770451338,28.410617717631524,47.94714505385276,46.67319541359921,47,31,19,39
209. Plasterers,Plasterers,209,0.15217685656988095,10.608151645728054,5.4913766564323065,50.7,33.299999,34.549839,40.83980535531926,46.444211993541856,26.33627772217781,17.87556664224708,43.71219490736371,42.837522274360715,43,31,31,39
210. Tatami workers,Tatami workers,210,0.026725065766710326,12.144120728177128,5.278787248926956,50.7,46.599998,41.392422,43.3269748715319,47.8835167624395,36.1362498986426,34.31396987080824,39.99825460437396,41.50206751209934,43,31,30,39
211. Pipe laying workers,Pipe laying workers,211,0.49171924110848997,12.067198653288646,5.834495347918785,44.4,46.900002,43.635918,49.014100289701055,51.6087761642922,37.55438842093881,32.30286320219823,55.86496198721859,51.756044209523225,49,34,33,39
212. Civil engineering workers,Civil engineering workers,212,0.8616549167301766,11.924406113122943,5.70022815939948,38,41.099998,42.108894,46.67858745130626,49.788478956568724,38.37987203839481,31.548549035173167,50.52092075962877,47.074003931605745,47,15,21,26.12
214. Other construction and civil engineering workers,Other construction and civil engineering workers,214,1.2340546200436113,12.589311764667825,5.8169006069240705,46,48.400002,46.556206,49.999868695517044,52.49775852155251,39.332353135459414,39.15226755103138,55.911439026308315,51.63566537345378,50,15,21,26.12
215. Line hanging and laying workers,Line hanging and laying workers,215,0.09382550697147096,12.433755638812011,6.246340942369754,48.2,44.599998,48.996326,55.11069873797839,57.00616904765835,45.25890218386145,35.43132672919485,71.84712525044598,69.68651615012048,77,36,38,42.58
216. Telecommunication equipment construction workers,Telecommunication equipment construction workers,216,0.1937967300113371,12.957582632463971,6.053123330621552,48.2,50.700001,51.190002,52.8661799062743,54.6143831816961,48.98416158571416,42.24607117287684,64.33073962233244,61.6957622115451,67,35,40,42.58
217. Other electric construction workers,Other electric construction workers,217,0.722255333616338,12.511338043121846,5.880941670737877,48.2,47.5,46.988319,50.485170064534145,52.70942098756687,37.66021965394599,37.20206399816981,58.02197162038752,54.15112404757353,55,44,37,39
219. Other mine workers,Other mine workers,219,0.00923589716703731,12.234313131239594,5.847932415938231,36,42.799999,46.77552,50.24251938002559,53.36557463221138,27.119428846430935,34.47296399081893,56.99838568587258,54.950935181271596,60,34,30,29.42
220. Mail and telegram collection and delivery workers,Mail and telegram collection and delivery workers,220,0.2452011333968499,13.146011986646167,5.760104152817638,44.5,46.599998,49.232487,50.348679054498085,53.090413426392715,41.42781154900156,44.899771339982756,53.03079145106663,54.78404947293354,60,33,39,48.77
221. Onboard and quayside cargo handlers,Onboard and quayside cargo handlers,221,0.03159268020030704,12.034850002541262,5.987773032398751,38,38.200001,45.057678,51.3041161247505,53.93706329045015,39.31118688885798,31.511950630149613,62.409758001235026,61.90670771194111,66,20,30,29.48
222. Land-based cargo handling and carrying workers,Land-based cargo handling and carrying workers,222,0.40850692203084177,12.492399269303764,5.274123045461758,38,41.099998,41.950211,42.962998844769075,49.111159065322774,33.723297786078916,37.280460894123536,37.77470774077439,37.61315747332828,36,20,30,29.48
223. Warehouse workers,Warehouse workers,223,0.47263900847716467,12.69880378617231,5.386784817476103,38,43.099998,43.573612,44.82837598192856,51.14311873906062,36.0727511588383,39.70553286776763,40.86193584614906,39.4516186306138,36,20,30,29.48
224. Delivery workers,Delivery workers,224,1.2635273535433862,12.468737078045429,5.205349866261745,38,42.400002,41.292641,42.59902281800625,49.428652764344314,33.638632799673175,36.958467734364376,37.20056129017958,35.81830641394999,33,22,25,33.34
225. Packing workers,Packing workers,225,0.4878363522345549,12.388440877211139,5.138825536252488,38,41,40.416145,40.415166657429296,50.16947139539457,36.34791236465696,35.98182143424705,33.13725691967185,33.101765575244336,27,22,24,30.71
226. Building cleaning workers,Building cleaning workers,226,1.029159571736473,11.898301241631108,4.605381925216158,38,38.099998,34.733364,28.373626438692476,44.96257473144135,26.886600133815136,30.950080347256353,20.236549084993385,25.64596872068865,21,25,23,35.42
227. Waste treatment workers,Waste treatment workers,227,0.20934999012310265,11.974020007626601,5.771620409085863,38,39.400002,43.137901,47.75534986381295,50.91029002644482,39.755678067488134,30.976700876060505,53.613598934437654,52.39498255901877,55,13,23,21.07
228. House cleaning workers,House cleaning workers,228,0.03378408538538561,12.412445236158392,4.87488012413391,38,47.200001,36.701973,39.67204893612186,48.45500542067826,33.321139100651635,36.4332751001973,29.61561685891132,33.64349135122799,28,22,16,25.01
229. Other cleaning workers,Other cleaning workers,229,0.2878094105184085,11.99523547879899,5.077731339615437,38,39.700001,38.55513,40.58198900302892,49.724980216764415,29.06672353376303,31.76826139943767,33.54348098746853,35.36873986281896,32,21,16,25.01
230. Packaging workers,Packaging workers,230,0.5616540175737589,12.063038261272853,4.537392669649011,40.7,39.900002,33.796581,29.586879861235232,43.90426240136956,32.85548167542005,32.384161656706844,19.385117788175783,20.143937382589353,15,22,24,30.71
"231. Other carrying, cleaning, packaging, and related workers","Other carrying, cleaning, packaging, and related workers",231,1.3645959123145353,12.412226991283129,4.789612016060468,38,43.5,38.776096,35.410496289440445,46.571209473150475,32.34749175698559,36.934043308367045,24.840206504982415,28.776173528057594,21,18,23,28.16
